filename,width,height,class,xmin,ymin,xmax,ymax
hand1_a_bot_seg_1_cropped.jpeg,400,400,a,56,1,335,396
hand1_a_bot_seg_2_cropped.jpeg,400,400,a,60,1,342,400
hand1_a_bot_seg_3_cropped.jpeg,400,400,a,47,1,349,400
hand1_a_bot_seg_4_cropped.jpeg,400,400,a,59,1,343,400
hand1_b_bot_seg_1_cropped.jpeg,400,400,b,85,3,299,400
hand1_b_bot_seg_2_cropped.jpeg,400,400,b,103,1,296,398
hand1_b_bot_seg_3_cropped.jpeg,400,400,b,92,1,338,400
hand1_b_bot_seg_4_cropped.jpeg,400,400,b,95,1,297,400
hand1_c_bot_seg_1_cropped.jpeg,400,400,c,44,1,364,398
hand1_c_bot_seg_2_cropped.jpeg,400,400,c,46,1,369,400
hand1_c_bot_seg_3_cropped.jpeg,400,400,c,30,1,368,399
hand1_c_bot_seg_4_cropped.jpeg,400,400,c,38,1,361,400
hand1_d_bot_seg_1_cropped.jpeg,400,400,d,56,1,348,400
hand1_d_bot_seg_2_cropped.jpeg,400,400,d,79,1,321,397
hand1_d_bot_seg_3_cropped.jpeg,400,400,d,76,1,323,396
hand1_d_bot_seg_4_cropped.jpeg,400,400,d,63,1,333,400
hand1_e_bot_seg_1_cropped.jpeg,400,400,e,60,1,341,399
hand1_e_bot_seg_2_cropped.jpeg,400,400,e,60,1,335,397
hand1_e_bot_seg_3_cropped.jpeg,400,400,e,56,1,338,393
hand1_e_bot_seg_4_cropped.jpeg,400,400,e,46,1,340,400
hand1_i_bot_seg_1_cropped.jpeg,400,400,i,58,2,347,400
hand1_i_bot_seg_2_cropped.jpeg,400,400,i,63,1,337,400
hand1_i_bot_seg_3_cropped.jpeg,400,400,i,56,1,338,400
hand1_i_bot_seg_4_cropped.jpeg,400,400,i,64,2,331,398
hand1_k_bot_seg_1_cropped.jpeg,400,400,k,106,2,308,395
hand1_k_bot_seg_2_cropped.jpeg,400,400,k,103,2,317,395
hand1_k_bot_seg_3_cropped.jpeg,400,400,k,103,1,306,399
hand1_k_bot_seg_4_cropped.jpeg,400,400,k,105,1,299,400
hand1_l_bot_seg_1_cropped.jpeg,400,400,l,9,2,378,393
hand1_l_bot_seg_2_cropped.jpeg,400,400,l,17,1,379,399
hand1_l_bot_seg_3_cropped.jpeg,400,400,l,15,1,376,397
hand1_l_bot_seg_4_cropped.jpeg,400,400,l,13,1,376,400
hand1_m_bot_seg_1_cropped.jpeg,400,400,m,38,1,362,400
hand1_m_bot_seg_2_cropped.jpeg,400,400,m,50,1,352,400
hand1_m_bot_seg_3_cropped.jpeg,400,400,m,46,2,360,398
hand1_m_bot_seg_4_cropped.jpeg,400,400,m,43,3,359,399
hand1_n_bot_seg_5_cropped.jpeg,400,400,n,53,1,345,399
hand1_o_left_seg_5_cropped.jpeg,400,400,o,69,1,328,400
hand1_p_bot_seg_5_cropped.jpeg,400,400,p,1,75,398,325
hand1_p_dif_seg_4_cropped.jpeg,400,400,p,1,104,399,295
hand1_p_right_seg_5_cropped.jpeg,400,400,p,1,72,400,328
hand1_q_dif_seg_3_cropped.jpeg,400,400,q,1,8,400,383
hand1_q_top_seg_3_cropped.jpeg,400,400,q,15,1,385,400
hand1_r_bot_seg_3_cropped.jpeg,400,400,r,89,1,302,398
hand1_s_bot_seg_5_cropped.jpeg,400,400,s,29,1,367,400
hand1_s_left_seg_5_cropped.jpeg,400,400,s,52,1,341,400
hand1_s_top_seg_2_cropped.jpeg,400,400,s,65,1,335,400
hand1_t_bot_seg_2_cropped.jpeg,400,400,t,41,1,357,399
hand1_t_dif_seg_1_cropped.jpeg,400,400,t,48,1,352,400
hand1_t_top_seg_3_cropped.jpeg,400,400,t,66,1,333,398
hand1_u_bot_seg_2_cropped.jpeg,400,400,u,77,1,308,399
hand1_u_right_seg_4_cropped.jpeg,400,400,u,104,1,294,400
hand1_u_top_seg_1_cropped.jpeg,400,400,u,104,1,296,399
hand1_v_bot_seg_5_cropped.jpeg,400,400,v,87,1,303,398
hand1_v_left_seg_1_cropped.jpeg,400,400,v,90,1,309,400
hand1_w_bot_seg_3_cropped.jpeg,400,400,w,87,1,311,399
hand1_w_right_seg_5_cropped.jpeg,400,400,w,86,1,303,400
hand1_x_bot_seg_3_cropped.jpeg,400,400,x,80,1,322,398
hand1_x_left_seg_1_cropped.jpeg,400,400,x,89,1,313,400
hand1_y_bot_seg_3_cropped.jpeg,400,400,y,1,20,399,371
hand1_y_dif_seg_5_cropped.jpeg,400,400,y,1,1,397,399
hand2_n_top_seg_5_cropped.jpeg,400,400,n,77,1,318,397
hand2_o_left_seg_5_cropped.jpeg,400,400,o,50,1,350,400
hand2_p_bot_seg_1_cropped.jpeg,400,400,p,1,106,400,296
hand2_p_left_seg_2_cropped.jpeg,400,400,p,1,104,400,294
hand2_p_right_seg_2_cropped.jpeg,400,400,p,1,91,398,299
hand2_q_left_seg_2_cropped.jpeg,400,400,q,2,4,400,395
hand2_r_left_seg_2_cropped.jpeg,400,400,r,110,1,290,400
hand2_w_left_seg_3_cropped.jpeg,400,400,w,84,1,324,399
hand2_x_left_seg_3_cropped.jpeg,400,400,x,94,1,304,400
hand2_y_bot_seg_1_cropped.jpeg,400,400,y,1,9,400,383
hand2_y_left_seg_2_cropped.jpeg,400,400,y,4,1,396,400
hand3_n_dif_seg_5_cropped.jpeg,400,400,n,34,3,365,398
hand3_r_dif_seg_4_cropped.jpeg,400,400,r,108,1,292,399
hand3_v_dif_seg_3_cropped.jpeg,400,400,v,97,1,321,400
hand3_x_dif_seg_2_cropped.jpeg,400,400,x,74,1,326,400
hand4_n_bot_seg_1_cropped.jpeg,400,400,n,1,24,399,373
hand4_o_bot_seg_1_cropped.jpeg,400,400,o,65,1,333,399
hand4_p_bot_seg_2_cropped.jpeg,400,400,p,1,49,400,333
hand4_p_bot_seg_5_cropped.jpeg,400,400,p,1,66,400,329
hand4_q_bot_seg_3_cropped.jpeg,400,400,q,1,28,399,371
hand4_s_bot_seg_2_cropped.jpeg,400,400,s,45,1,353,400
hand4_u_bot_seg_1_cropped.jpeg,400,400,u,73,1,318,399
hand5_o_dif_seg_5_cropped.jpeg,400,400,o,73,1,327,398
hand5_r_dif_seg_2_cropped.jpeg,400,400,r,106,1,293,400
hand5_t_bot_seg_3_cropped.jpeg,400,400,t,35,1,362,400
hand5_v_dif_seg_4_cropped.jpeg,400,400,v,75,1,325,400
hand5_w_dif_seg_3_cropped.jpeg,400,400,w,78,1,315,399
space0001_test.jpg,200,200,space,35,62,157,193
space0002_test.jpg,200,200,space,31,70,150,200
space0006_test.jpg,200,200,space,42,42,160,168
space0008_test.jpg,200,200,space,42,86,133,188
space0009_test.jpg,200,200,space,87,104,152,175
space0010_test.jpg,200,200,space,81,92,140,152
space0011_test.jpg,200,200,space,60,70,120,124
space0013_test.jpg,200,200,space,43,22,129,111
space0014_test.jpg,200,200,space,59,43,165,159
space0015_test.jpg,200,200,space,58,70,172,200
space0016_test.jpg,200,200,space,51,72,168,177
space0017_test.jpg,200,200,space,21,38,200,199
space0018_test.jpg,200,200,space,82,101,141,153
space0019_test.jpg,200,200,space,36,38,107,97
space0020_test.jpg,200,200,space,59,32,162,127
space0021_test.jpg,200,200,space,56,77,179,192
space0023_test.jpg,200,200,space,37,68,150,169
space0024_test.jpg,200,200,space,34,47,138,149
space0025_test.jpg,200,200,space,42,36,140,133
space0027_test.jpg,200,200,space,30,61,130,157
space0028_test.jpg,200,200,space,43,39,138,141
space0029_test.jpg,200,200,space,109,82,192,165
space0030_test.jpg,200,200,space,86,96,156,162
space1012.jpg,200,200,space,21,13,136,111
space18.jpg,200,200,space,19,78,158,190
space23.jpg,200,200,space,20,75,159,181
space24.jpg,200,200,space,18,72,156,175
space2572.jpg,200,200,space,51,7,184,117
space2755.jpg,200,200,space,6,16,196,176
space313.jpg,200,200,space,73,88,156,142
space768.jpg,200,200,space,5,64,142,168
space769.jpg,200,200,space,9,64,142,158
space864.jpg,200,200,space,25,64,133,142
WIN_20200228_17_44_07_Pro.jpg,1280,720,p,378,355,668,544
WIN_20200228_17_44_16_Pro.jpg,1280,720,p,232,228,571,421
WIN_20200228_17_45_04_Pro.jpg,1280,720,p,323,181,725,444
WIN_20200228_17_45_16_Pro.jpg,1280,720,p,332,170,663,366
WIN_20200228_17_45_29_Pro.jpg,1280,720,p,412,182,681,334
WIN_20200228_17_45_49_Pro.jpg,1280,720,p,285,208,572,376
WIN_20200228_17_46_15_Pro.jpg,1280,720,p,171,113,625,343
WIN_20200228_17_47_01_Pro.jpg,1280,720,p,715,392,1020,566
WIN_20200228_17_47_33_Pro.jpg,1280,720,p,425,98,654,229
WIN_20200228_17_47_59_Pro.jpg,1280,720,p,475,67,749,235
WIN_20200228_17_48_36_Pro.jpg,1280,720,p,554,92,947,380
WIN_20200228_17_48_43_Pro.jpg,1280,720,p,536,218,752,336
WIN_20200228_17_49_24_Pro.jpg,1280,720,p,356,325,653,531
WIN_20200228_17_49_30_Pro.jpg,1280,720,p,183,531,488,717
WIN_20200228_17_49_56_Pro.jpg,1280,720,p,192,345,531,546
WIN_20200228_17_50_03_Pro.jpg,1280,720,p,345,299,594,452
WIN_20200228_17_50_29_Pro.jpg,1280,720,p,219,88,535,350
WIN_20200228_17_51_09_Pro.jpg,1280,720,p,196,250,595,469
WIN_20200228_17_54_19_Pro.jpg,1280,720,n,606,135,890,355
WIN_20200228_17_54_28_Pro.jpg,1280,720,n,689,433,927,717
WIN_20200228_17_54_44_Pro.jpg,1280,720,n,515,358,683,603
WIN_20200228_17_54_49_Pro.jpg,1280,720,n,471,336,656,502
WIN_20200228_17_54_53_Pro.jpg,1280,720,n,507,207,762,541
WIN_20200228_17_55_01_Pro.jpg,1280,720,n,766,240,958,502
WIN_20200228_17_55_07_Pro.jpg,1280,720,n,587,217,865,593
WIN_20200228_17_57_37_Pro.jpg,1280,720,n,206,264,473,593
WIN_20200228_17_57_55_Pro.jpg,1280,720,n,644,182,882,484
WIN_20200228_17_58_11_Pro.jpg,1280,720,n,737,117,1015,399
WIN_20200228_17_58_17_Pro.jpg,1280,720,n,691,141,972,457
WIN_20200228_17_58_34_Pro.jpg,1280,720,n,458,297,682,561
WIN_20200228_17_58_35_Pro.jpg,1280,720,n,425,307,631,563
WIN_20200228_17_58_37_Pro.jpg,1280,720,n,420,297,634,592
WIN_20200228_17_58_39_Pro.jpg,1280,720,n,415,243,650,516
WIN_20200228_17_58_43_Pro.jpg,1280,720,n,466,258,725,510
WIN_20200228_17_59_10_Pro.jpg,1280,720,n,389,319,658,704
WIN_20200228_18_00_08_Pro.jpg,1280,720,n,499,173,702,443
WIN_20200228_18_11_45_Pro.jpg,1280,720,q,303,285,546,466
WIN_20200228_18_11_56_Pro.jpg,1280,720,q,431,280,603,470
WIN_20200228_18_12_04_Pro.jpg,1280,720,q,221,97,500,301
WIN_20200228_18_12_16_Pro.jpg,1280,720,q,487,202,682,378
WIN_20200228_18_12_20_Pro.jpg,1280,720,q,511,402,695,559
WIN_20200228_18_12_25_Pro.jpg,1280,720,q,292,106,646,402
WIN_20200228_18_12_42_Pro.jpg,1280,720,q,333,301,585,511
WIN_20200228_18_12_46_Pro.jpg,1280,720,q,300,153,611,412
WIN_20200228_18_12_58_Pro.jpg,1280,720,q,584,188,775,422
WIN_20200228_18_13_27_Pro.jpg,1280,720,q,363,131,593,325
WIN_20200228_18_13_38_Pro.jpg,1280,720,q,296,103,523,350
WIN_20200228_18_18_42_Pro.jpg,1280,720,q,169,203,596,500
WIN_20200228_18_18_45_Pro.jpg,1280,720,q,180,230,484,540
WIN_20200228_18_18_53_Pro.jpg,1280,720,q,508,269,809,588
WIN_20200228_18_18_57_Pro.jpg,1280,720,q,280,455,481,669
WIN_20200228_18_19_02_Pro.jpg,1280,720,q,449,107,592,250
WIN_20200228_18_19_26_Pro.jpg,1280,720,q,158,178,482,429
WIN_20200228_18_19_28_Pro.jpg,1280,720,q,173,183,475,414
WIN_20200228_18_25_29_Pro.jpg,1280,720,r,354,207,585,669
WIN_20200228_18_25_33_Pro.jpg,1280,720,r,680,145,886,545
WIN_20200228_18_26_35_Pro.jpg,1280,720,r,152,64,336,405
WIN_20200228_18_26_37_Pro.jpg,1280,720,r,206,126,459,333
WIN_20200228_18_26_45_Pro.jpg,1280,720,r,179,107,511,507
WIN_20200228_18_26_53_Pro.jpg,1280,720,r,301,287,487,585
WIN_20200228_18_27_15_Pro.jpg,1280,720,r,449,91,652,505
WIN_20200228_18_27_21_Pro.jpg,1280,720,r,698,66,901,465
WIN_20200228_18_27_37_Pro.jpg,1280,720,r,591,1,754,317
WIN_20200228_18_28_02_Pro.jpg,1280,720,r,337,213,521,534
WIN_20200228_18_28_07_Pro.jpg,1280,720,r,325,152,523,501
WIN_20200228_18_28_13_Pro.jpg,1280,720,r,687,115,915,546
WIN_20200228_18_28_36_Pro.jpg,1280,720,r,387,188,544,513
WIN_20200228_18_38_38_Pro.jpg,1280,720,s,434,267,707,570
WIN_20200228_18_38_58_Pro.jpg,1280,720,s,353,335,611,618
WIN_20200228_18_39_00_Pro.jpg,1280,720,s,561,343,777,584
WIN_20200228_18_39_15_Pro.jpg,1280,720,s,478,231,674,435
WIN_20200228_18_39_49_Pro.jpg,1280,720,s,461,280,677,494
WIN_20200228_18_40_29_Pro.jpg,1280,720,s,428,201,606,395
WIN_20200228_18_40_37_Pro.jpg,1280,720,s,449,183,673,370
WIN_20200228_18_40_49_Pro.jpg,1280,720,s,563,71,742,293
WIN_20200228_18_40_54_Pro.jpg,1280,720,s,611,146,757,312
WIN_20200228_18_41_18_Pro.jpg,1280,720,s,589,104,830,385
WIN_20200228_18_41_28_Pro.jpg,1280,720,s,487,253,720,507
WIN_20200228_18_42_13_Pro.jpg,1280,720,s,526,159,748,435
WIN_20200228_18_42_49_Pro.jpg,1280,720,s,324,281,534,512
WIN_20200228_18_44_39_Pro.jpg,1280,720,s,397,269,655,556
WIN_20200228_18_44_45_Pro.jpg,1280,720,s,469,190,721,476
WIN_20200228_18_44_49_Pro.jpg,1280,720,s,398,131,647,379
WIN_20200228_18_45_05_Pro.jpg,1280,720,s,461,182,721,454
WIN_20200228_18_45_24_Pro.jpg,1280,720,s,473,63,744,393
WIN_20200228_18_48_42_Pro.jpg,1280,720,t,422,116,685,436
WIN_20200228_18_48_49_Pro.jpg,1280,720,t,322,302,552,542
WIN_20200228_18_49_13_Pro.jpg,1280,720,t,478,169,690,424
WIN_20200228_18_49_20_Pro.jpg,1280,720,t,757,86,1008,368
WIN_20200228_18_49_32_Pro.jpg,1280,720,t,615,257,988,698
WIN_20200228_18_49_40_Pro.jpg,1280,720,t,704,231,930,522
WIN_20200228_18_49_59_Pro.jpg,1280,720,t,695,237,966,610
WIN_20200228_18_50_03_Pro.jpg,1280,720,t,705,264,982,612
WIN_20200228_18_50_05_Pro.jpg,1280,720,t,611,186,843,463
WIN_20200228_18_50_28_Pro.jpg,1280,720,t,540,203,707,428
WIN_20200228_18_50_47_Pro.jpg,1280,720,t,454,389,690,687
WIN_20200228_18_51_09_Pro.jpg,1280,720,t,411,212,719,634
WIN_20200228_18_51_15_Pro.jpg,1280,720,t,682,307,891,593
WIN_20200228_18_51_25_Pro.jpg,1280,720,t,464,189,647,432
WIN_20200228_18_52_19_Pro.jpg,1280,720,t,446,290,618,515
WIN_20200228_18_52_50_Pro.jpg,1280,720,t,400,189,782,681
WIN_20200228_18_53_13_Pro.jpg,1280,720,t,642,141,776,310
WIN_20200228_18_53_30_Pro.jpg,1280,720,t,377,143,682,486
WIN_20200228_18_53_47_Pro.jpg,1280,720,t,452,301,592,493
WIN_20200228_18_54_48_Pro.jpg,1280,720,o,339,259,625,602
WIN_20200228_18_54_51_Pro.jpg,1280,720,o,482,244,681,488
WIN_20200228_18_55_03_Pro.jpg,1280,720,o,579,124,749,302
WIN_20200228_18_55_18_Pro.jpg,1280,720,o,544,131,733,359
WIN_20200228_18_55_29_Pro.jpg,1280,720,o,406,159,710,537
WIN_20200228_18_55_43_Pro.jpg,1280,720,o,602,148,807,396
WIN_20200228_18_55_48_Pro.jpg,1280,720,o,548,362,706,570
WIN_20200228_18_55_59_Pro.jpg,1280,720,o,691,150,908,403
WIN_20200228_18_56_01_Pro.jpg,1280,720,o,688,112,934,354
WIN_20200228_18_56_14_Pro.jpg,1280,720,o,390,128,620,394
WIN_20200228_18_56_19_Pro.jpg,1280,720,o,442,311,647,558
WIN_20200228_20_09_51_Pro.jpg,1280,720,u,501,42,743,565
WIN_20200228_20_09_58_Pro.jpg,1280,720,u,211,484,392,719
WIN_20200228_20_10_03_Pro.jpg,1280,720,u,699,205,870,555
WIN_20200228_20_10_08_Pro.jpg,1280,720,u,151,88,505,720
WIN_20200228_20_10_15_Pro.jpg,1280,720,u,364,100,530,409
WIN_20200228_20_10_21_Pro.jpg,1280,720,u,455,253,614,514
WIN_20200228_20_10_48_Pro.jpg,1280,720,u,1,47,265,566
WIN_20200228_20_10_59_Pro.jpg,1280,720,u,530,29,727,403
WIN_20200228_20_11_21_Pro.jpg,1280,720,u,348,173,615,712
WIN_20200228_20_11_44_Pro.jpg,1280,720,u,458,14,754,626
WIN_20200228_20_11_47_Pro.jpg,1280,720,u,906,2,1280,606
WIN_20200228_20_11_51_Pro.jpg,1280,720,u,368,459,591,720
WIN_20200228_20_12_15_Pro.jpg,1280,720,u,503,143,844,522
WIN_20200228_20_12_17_Pro.jpg,1280,720,u,601,321,940,666
WIN_20200228_20_12_28_Pro.jpg,1280,720,u,353,157,448,346
WIN_20200228_20_12_54_Pro.jpg,1280,720,u,470,107,730,635
WIN_20200228_20_13_14_Pro.jpg,1280,720,u,516,182,744,594
WIN_20200228_20_13_17_Pro.jpg,1280,720,u,349,63,587,521
WIN_20200228_20_17_06_Pro.jpg,1280,720,v,433,53,701,637
WIN_20200228_20_17_15_Pro.jpg,1280,720,v,1,210,220,703
WIN_20200228_20_17_23_Pro.jpg,1280,720,v,158,438,491,718
WIN_20200228_20_17_41_Pro.jpg,1280,720,v,512,65,673,425
WIN_20200228_20_18_09_Pro.jpg,1280,720,v,325,21,669,702
WIN_20200228_20_18_37_Pro.jpg,1280,720,v,411,75,623,463
WIN_20200228_20_18_46_Pro.jpg,1280,720,v,760,202,962,555
WIN_20200228_20_19_02_Pro.jpg,1280,720,v,556,240,779,492
WIN_20200228_20_19_07_Pro.jpg,1280,720,v,843,201,1029,435
WIN_20200228_20_19_28_Pro.jpg,1280,720,v,442,174,627,522
WIN_20200228_20_19_40_Pro.jpg,1280,720,v,430,55,649,361
WIN_20200228_20_19_58_Pro.jpg,1280,720,v,473,77,687,555
WIN_20200228_20_32_17_Pro.jpg,1280,720,w,233,502,497,720
WIN_20200228_20_32_20_Pro.jpg,1280,720,w,513,102,842,644
WIN_20200228_20_32_31_Pro.jpg,1280,720,w,525,50,734,405
WIN_20200228_20_32_56_Pro.jpg,1280,720,w,415,151,654,593
WIN_20200228_20_33_00_Pro.jpg,1280,720,w,330,12,718,720
WIN_20200228_20_33_13_Pro.jpg,1280,720,w,782,129,1142,374
WIN_20200228_20_33_19_Pro.jpg,1280,720,w,447,170,610,412
WIN_20200228_20_33_35_Pro.jpg,1280,720,w,590,54,884,553
WIN_20200228_20_33_44_Pro.jpg,1280,720,w,832,136,1028,440
WIN_20200228_20_34_02_Pro.jpg,1280,720,w,488,145,624,414
WIN_20200228_20_34_08_Pro.jpg,1280,720,w,569,2,744,242
WIN_20200228_20_34_19_Pro.jpg,1280,720,w,658,124,907,345
WIN_20200228_20_34_32_Pro.jpg,1280,720,w,573,175,771,359
WIN_20200228_20_37_52_Pro.jpg,1280,720,x,401,132,569,382
WIN_20200228_20_37_59_Pro.jpg,1280,720,x,443,106,594,339
WIN_20200228_20_38_02_Pro.jpg,1280,720,x,403,150,559,344
WIN_20200228_20_38_12_Pro.jpg,1280,720,x,579,42,768,288
WIN_20200228_20_38_40_Pro.jpg,1280,720,x,391,136,671,538
WIN_20200228_20_45_32_Pro.jpg,1280,720,x,381,263,534,518
WIN_20200228_20_45_35_Pro.jpg,1280,720,x,394,209,605,554
WIN_20200228_20_46_18_Pro.jpg,1280,720,x,514,65,701,324
WIN_20200228_20_46_24_Pro.jpg,1280,720,x,228,154,482,431
WIN_20200228_20_46_28_Pro.jpg,1280,720,x,838,164,1065,513
WIN_20200228_20_46_34_Pro.jpg,1280,720,x,732,104,954,385
WIN_20200228_20_46_52_Pro.jpg,1280,720,x,285,244,520,551
WIN_20200228_20_48_54_Pro.jpg,1280,720,y,255,329,501,551
WIN_20200228_20_48_58_Pro.jpg,1280,720,y,334,131,714,455
WIN_20200228_20_49_08_Pro.jpg,1280,720,y,444,121,727,333
WIN_20200228_20_49_12_Pro.jpg,1280,720,y,330,378,588,562
WIN_20200228_20_49_20_Pro.jpg,1280,720,y,371,415,587,609
WIN_20200228_20_49_24_Pro.jpg,1280,720,y,49,108,325,356
WIN_20200228_20_49_35_Pro.jpg,1280,720,y,442,156,727,474
WIN_20200228_20_49_40_Pro.jpg,1280,720,y,480,106,770,388
WIN_20200228_20_49_54_Pro.jpg,1280,720,y,701,347,900,517
WIN_20200228_20_50_12_Pro.jpg,1280,720,y,363,40,781,396
WIN_20200228_20_50_17_Pro.jpg,1280,720,y,219,39,683,357
WIN_20200228_20_50_19_Pro.jpg,1280,720,y,162,43,660,454
WIN_20200228_20_50_42_Pro.jpg,1280,720,y,350,301,641,530
WIN_20200228_20_50_47_Pro.jpg,1280,720,y,325,296,634,585
WIN_20200228_20_51_03_Pro.jpg,1280,720,y,554,78,1141,579
WIN_20200228_20_51_10_Pro.jpg,1280,720,y,445,107,1052,591
WIN_20200228_20_51_21_Pro.jpg,1280,720,y,398,303,678,628
WIN_20200228_20_51_34_Pro.jpg,1280,720,y,220,1,549,171
WIN_20200228_20_51_41_Pro.jpg,1280,720,y,690,13,903,238
WIN_20200228_20_51_46_Pro.jpg,1280,720,y,492,250,718,490
WIN_20200228_20_51_53_Pro.jpg,1280,720,y,291,147,692,498
WIN_20200228_20_55_41_Pro.jpg,1280,720,eof,280,430,524,720
WIN_20200228_20_55_47_Pro.jpg,1280,720,eof,1,197,549,720
WIN_20200228_20_55_50_Pro.jpg,1280,720,eof,190,414,524,716
WIN_20200228_20_55_52_Pro.jpg,1280,720,eof,631,161,995,610
WIN_20200228_20_56_03_Pro.jpg,1280,720,eof,401,228,565,427
WIN_20200228_20_56_16_Pro.jpg,1280,720,eof,652,55,825,324
WIN_20200228_20_56_34_Pro.jpg,1280,720,eof,430,354,621,605
WIN_20200228_20_56_39_Pro.jpg,1280,720,eof,701,184,1035,618
WIN_20200228_20_56_50_Pro.jpg,1280,720,eof,443,222,640,455
WIN_20200228_20_57_04_Pro.jpg,1280,720,eof,239,262,653,718
WIN_20200228_20_57_17_Pro.jpg,1280,720,eof,438,135,633,372
WIN_20200228_20_57_24_Pro.jpg,1280,720,eof,385,142,659,510
WIN_20200228_20_57_41_Pro.jpg,1280,720,eof,3,273,372,720
WIN_20200228_20_57_51_Pro.jpg,1280,720,eof,1,66,282,504
WIN_20200228_20_57_57_Pro.jpg,1280,720,eof,306,127,786,713
WIN_20200228_20_58_10_Pro.jpg,1280,720,eof,801,171,1093,569
WIN_20200228_20_58_25_Pro.jpg,1280,720,eof,1,92,704,720
WIN_20200228_20_58_35_Pro.jpg,1280,720,eof,513,173,713,391
WIN_20200228_20_58_37_Pro.jpg,1280,720,eof,514,102,684,364
WIN_20200228_20_58_43_Pro.jpg,1280,720,eof,601,131,934,567
WIN_20200228_20_58_49_Pro.jpg,1280,720,eof,421,569,582,720
WIN_20200228_20_59_06_Pro.jpg,1280,720,eof,203,58,556,472
WIN_20200228_20_59_14_Pro.jpg,1280,720,eof,196,244,429,537
WIN_20200228_20_59_16_Pro.jpg,1280,720,eof,257,196,540,553
WIN_20200228_21_00_01_Pro.jpg,1280,720,eof,290,227,465,477
WIN_20200228_21_00_03_Pro.jpg,1280,720,eof,311,392,441,572
WIN_20200228_21_00_07_Pro.jpg,1280,720,eof,356,184,737,718
WIN_20200228_21_00_14_Pro.jpg,1280,720,eof,787,246,1004,502
WIN_20200228_21_00_24_Pro.jpg,1280,720,eof,284,163,548,498
WIN_20200228_21_00_26_Pro.jpg,1280,720,eof,1,228,215,523
WIN_20200228_21_00_28_Pro.jpg,1280,720,eof,540,494,786,720
WIN_20200301_15_33_42_Pro.jpg,1280,720,a,213,287,443,488
WIN_20200301_15_33_47_Pro.jpg,1280,720,b,222,198,417,536
WIN_20200301_15_33_53_Pro.jpg,1280,720,c,140,268,477,494
WIN_20200301_15_33_58_Pro.jpg,1280,720,d,231,239,419,552
WIN_20200301_15_34_04_Pro.jpg,1280,720,e,240,318,422,539
WIN_20200301_15_34_09_Pro.jpg,1280,720,f,208,227,453,538
WIN_20200301_15_35_31_Pro.jpg,1280,720,i,207,338,374,596
WIN_20200301_15_35_38_Pro.jpg,1280,720,k,152,306,365,619
WIN_20200301_15_35_41_Pro.jpg,1280,720,l,125,275,436,609
WIN_20200301_15_35_45_Pro.jpg,1280,720,m,161,264,374,495
WIN_20200301_15_39_49_Pro.jpg,1280,720,a,418,135,598,305
WIN_20200301_15_39_53_Pro.jpg,1280,720,b,416,82,560,362
WIN_20200301_15_39_57_Pro.jpg,1280,720,c,398,144,587,358
WIN_20200301_15_40_01_Pro.jpg,1280,720,d,405,142,573,382
WIN_20200301_15_40_06_Pro.jpg,1280,720,e,380,197,558,377
WIN_20200301_15_40_36_Pro.jpg,1280,720,f,392,82,583,304
WIN_20200301_15_41_02_Pro.jpg,1280,720,i,323,90,493,309
WIN_20200301_15_41_07_Pro.jpg,1280,720,k,301,68,467,301
WIN_20200301_15_41_12_Pro.jpg,1280,720,l,290,62,503,305
WIN_20200301_15_41_19_Pro.jpg,1280,720,m,260,184,452,326
WIN_20200301_15_42_19_Pro.jpg,1280,720,a,144,317,373,549
WIN_20200301_15_42_22_Pro.jpg,1280,720,b,177,178,387,566
WIN_20200301_15_42_26_Pro.jpg,1280,720,c,118,261,443,554
WIN_20200301_15_42_58_Pro.jpg,1280,720,d,187,238,392,597
WIN_20200301_15_43_02_Pro.jpg,1280,720,e,197,330,384,577
WIN_20200301_15_43_06_Pro.jpg,1280,720,f,158,253,447,602
WIN_20200301_15_43_23_Pro.jpg,1280,720,i,239,305,465,625
WIN_20200301_15_43_28_Pro.jpg,1280,720,k,212,255,419,596
WIN_20200301_15_43_30_Pro.jpg,1280,720,l,155,256,459,601
WIN_20200301_15_43_33_Pro.jpg,1280,720,m,189,365,393,578
WIN_20200301_15_44_20_Pro.jpg,1280,720,a,397,335,542,459
WIN_20200301_15_44_23_Pro.jpg,1280,720,b,408,261,559,483
WIN_20200301_15_44_26_Pro.jpg,1280,720,c,408,288,560,465
WIN_20200301_15_44_29_Pro.jpg,1280,720,d,412,278,519,462
WIN_20200301_15_44_33_Pro.jpg,1280,720,e,398,333,501,472
WIN_20200301_15_44_36_Pro.jpg,1280,720,f,381,295,523,465
WIN_20200301_15_45_19_Pro.jpg,1280,720,i,447,257,577,429
WIN_20200301_15_45_22_Pro.jpg,1280,720,k,408,252,559,419
WIN_20200301_15_45_28_Pro.jpg,1280,720,l,405,277,557,461
WIN_20200301_15_45_31_Pro.jpg,1280,720,m,432,319,528,443
WIN_20200301_15_47_00_Pro.jpg,1280,720,a,418,339,532,453
WIN_20200301_15_47_03_Pro.jpg,1280,720,b,423,272,545,470
WIN_20200301_15_47_07_Pro.jpg,1280,720,c,392,307,550,463
WIN_20200301_15_47_11_Pro.jpg,1280,720,d,418,312,537,498
WIN_20200301_15_47_14_Pro.jpg,1280,720,e,435,357,543,479
WIN_20200301_15_47_17_Pro.jpg,1280,720,f,420,312,544,501
WIN_20200301_15_47_28_Pro.jpg,1280,720,i,452,328,575,479
WIN_20200301_15_47_31_Pro.jpg,1280,720,k,410,296,547,477
WIN_20200301_15_47_34_Pro.jpg,1280,720,l,399,302,584,489
WIN_20200301_15_47_40_Pro.jpg,1280,720,m,416,380,530,490
WIN_20200301_15_48_32_Pro.jpg,1280,720,a,178,322,418,534
WIN_20200301_15_48_36_Pro.jpg,1280,720,b,190,196,388,556
WIN_20200301_15_48_43_Pro.jpg,1280,720,c,211,255,473,497
WIN_20200301_15_48_47_Pro.jpg,1280,720,d,187,175,384,508
WIN_20200301_15_48_52_Pro.jpg,1280,720,e,183,285,387,513
WIN_20200301_15_48_56_Pro.jpg,1280,720,f,161,186,404,528
WIN_20200301_15_49_08_Pro.jpg,1280,720,i,224,267,434,532
WIN_20200301_15_49_13_Pro.jpg,1280,720,k,153,232,363,555
WIN_20200301_15_49_20_Pro.jpg,1280,720,l,132,145,427,486
WIN_20200301_15_49_29_Pro.jpg,1280,720,m,151,283,362,495
WIN_20200301_15_50_23_Pro.jpg,1280,720,a,381,323,522,468
WIN_20200301_15_50_27_Pro.jpg,1280,720,b,388,272,522,479
WIN_20200301_15_50_30_Pro.jpg,1280,720,c,375,293,538,454
WIN_20200301_15_50_32_Pro.jpg,1280,720,d,378,261,511,456
WIN_20200301_15_50_35_Pro.jpg,1280,720,e,379,322,495,468
WIN_20200301_15_50_38_Pro.jpg,1280,720,f,354,276,499,475
WIN_20200301_15_50_48_Pro.jpg,1280,720,i,372,300,508,460
WIN_20200301_15_50_50_Pro.jpg,1280,720,k,340,267,482,452
WIN_20200301_15_50_53_Pro.jpg,1280,720,l,341,268,514,461
WIN_20200301_15_50_56_Pro.jpg,1280,720,m,353,335,463,464
WIN_20200301_15_52_31_Pro.jpg,1280,720,a,483,402,623,514
WIN_20200301_15_52_34_Pro.jpg,1280,720,b,492,340,599,545
WIN_20200301_15_52_36_Pro.jpg,1280,720,c,478,372,616,527
WIN_20200301_15_52_37_Pro.jpg,1280,720,d,469,341,579,537
WIN_20200301_15_52_40_Pro.jpg,1280,720,e,475,396,582,541
WIN_20200301_15_52_42_Pro.jpg,1280,720,f,453,356,583,548
WIN_20200301_15_52_53_Pro.jpg,1280,720,i,473,396,596,548
WIN_20200301_15_52_56_Pro.jpg,1280,720,k,448,378,583,548
WIN_20200301_15_52_58_Pro.jpg,1280,720,l,454,368,610,555
WIN_20200301_15_53_02_Pro.jpg,1280,720,m,482,428,576,552
WIN_20200301_15_56_18_Pro.jpg,1280,720,a,395,139,540,295
WIN_20200301_15_56_32_Pro.jpg,1280,720,b,400,124,531,390
WIN_20200301_15_56_36_Pro.jpg,1280,720,c,396,115,563,292
WIN_20200301_15_56_39_Pro.jpg,1280,720,d,414,109,511,308
WIN_20200301_15_56_44_Pro.jpg,1280,720,e,385,128,498,297
WIN_20200301_15_56_47_Pro.jpg,1280,720,f,368,123,496,322
WIN_20200301_15_56_58_Pro.jpg,1280,720,i,415,136,513,307
WIN_20200301_15_57_01_Pro.jpg,1280,720,k,347,137,463,337
WIN_20200301_15_57_04_Pro.jpg,1280,720,l,372,120,510,304
WIN_20200301_15_57_09_Pro.jpg,1280,720,m,385,196,484,321
WIN_20200301_16_01_38_Pro.jpg,1280,720,a,301,426,455,559
WIN_20200301_16_01_41_Pro.jpg,1280,720,b,304,339,424,569
WIN_20200301_16_01_44_Pro.jpg,1280,720,c,252,388,439,557
WIN_20200301_16_01_47_Pro.jpg,1280,720,d,271,352,398,559
WIN_20200301_16_01_50_Pro.jpg,1280,720,e,263,393,402,556
WIN_20200301_16_01_55_Pro.jpg,1280,720,f,283,335,438,544
WIN_20200301_16_02_07_Pro.jpg,1280,720,i,319,350,440,532
WIN_20200301_16_02_10_Pro.jpg,1280,720,k,254,330,397,542
WIN_20200301_16_02_15_Pro.jpg,1280,720,l,228,324,425,544
WIN_20200301_16_02_20_Pro.jpg,1280,720,m,233,403,362,539
WIN_20200301_16_06_27_Pro.jpg,1280,720,a,345,313,508,492
WIN_20200301_16_06_33_Pro.jpg,1280,720,b,350,210,474,486
WIN_20200301_16_06_38_Pro.jpg,1280,720,c,364,243,560,447
WIN_20200301_16_06_42_Pro.jpg,1280,720,d,343,238,481,494
WIN_20200301_16_06_46_Pro.jpg,1280,720,e,367,299,496,493
WIN_20200301_16_06_51_Pro.jpg,1280,720,f,313,230,477,492
WIN_20200301_16_07_21_Pro.jpg,1280,720,i,445,268,585,493
WIN_20200301_16_07_27_Pro.jpg,1280,720,k,405,238,519,469
WIN_20200301_16_07_32_Pro.jpg,1280,720,l,396,218,597,455
WIN_20200301_16_07_40_Pro.jpg,1280,720,m,393,293,513,460
WIN_20200301_16_08_21_Pro.jpg,1280,720,a,225,297,454,539
WIN_20200301_16_08_24_Pro.jpg,1280,720,b,258,193,450,553
WIN_20200301_16_08_26_Pro.jpg,1280,720,c,268,274,524,541
WIN_20200301_16_08_30_Pro.jpg,1280,720,d,252,202,434,527
WIN_20200301_16_08_36_Pro.jpg,1280,720,e,245,268,431,552
WIN_20200301_16_08_40_Pro.jpg,1280,720,f,191,187,450,538
WIN_20200301_16_09_03_Pro.jpg,1280,720,i,381,253,555,538
WIN_20200301_16_09_08_Pro.jpg,1280,720,k,289,224,496,535
WIN_20200301_16_09_20_Pro.jpg,1280,720,l,362,229,599,532
WIN_20200301_16_09_27_Pro.jpg,1280,720,m,335,335,505,537
WIN_20200301_16_10_02_Pro.jpg,1280,720,a,283,227,444,406
WIN_20200301_16_10_04_Pro.jpg,1280,720,b,307,158,433,408
WIN_20200301_16_10_07_Pro.jpg,1280,720,c,324,169,523,362
WIN_20200301_16_10_10_Pro.jpg,1280,720,d,322,152,474,389
WIN_20200301_16_10_12_Pro.jpg,1280,720,e,354,196,473,378
WIN_20200301_16_10_14_Pro.jpg,1280,720,f,325,135,480,380
WIN_20200301_16_10_25_Pro.jpg,1280,720,i,399,214,518,419
WIN_20200301_16_10_35_Pro.jpg,1280,720,k,304,154,467,395
WIN_20200301_16_10_41_Pro.jpg,1280,720,l,344,157,536,392
WIN_20200301_16_10_57_Pro.jpg,1280,720,m,328,248,469,414
WIN_20200301_16_12_19_Pro.jpg,1280,720,a,540,181,670,329
WIN_20200301_16_12_20_Pro.jpg,1280,720,b,535,105,634,330
WIN_20200301_16_12_22_Pro.jpg,1280,720,c,568,120,721,309
WIN_20200301_16_12_24_Pro.jpg,1280,720,d,535,96,643,319
WIN_20200301_16_12_27_Pro.jpg,1280,720,e,537,146,650,315
WIN_20200301_16_12_30_Pro.jpg,1280,720,f,517,86,647,320
WIN_20200301_16_12_44_Pro.jpg,1280,720,i,498,201,614,406
WIN_20200301_16_12_49_Pro.jpg,1280,720,k,490,130,614,363
WIN_20200301_16_12_56_Pro.jpg,1280,720,l,532,118,705,359
WIN_20200301_16_13_05_Pro.jpg,1280,720,m,521,216,654,386
WIN_20200301_16_13_21_Pro.jpg,1280,720,a,498,176,648,363
WIN_20200301_16_13_24_Pro.jpg,1280,720,b,524,61,648,362
WIN_20200301_16_13_26_Pro.jpg,1280,720,c,536,97,734,318
WIN_20200301_16_13_30_Pro.jpg,1280,720,d,513,57,654,339
WIN_20200301_16_13_32_Pro.jpg,1280,720,e,520,123,665,353
WIN_20200301_16_13_39_Pro.jpg,1280,720,f,368,225,585,535
WIN_20200301_16_13_54_Pro.jpg,1280,720,i,448,120,649,462
WIN_20200301_16_13_56_Pro.jpg,1280,720,k,393,93,591,442
WIN_20200301_16_14_01_Pro.jpg,1280,720,l,449,97,724,428
WIN_20200301_16_14_09_Pro.jpg,1280,720,m,403,208,592,453
WIN_20200301_20_54_33_Pro.jpg,1280,720,a,216,288,479,475
WIN_20200301_20_54_42_Pro.jpg,1280,720,b,223,196,447,581
WIN_20200301_20_54_47_Pro.jpg,1280,720,c,183,246,481,473
WIN_20200301_20_54_50_Pro.jpg,1280,720,d,207,217,400,524
WIN_20200301_20_54_55_Pro.jpg,1280,720,e,188,298,374,529
WIN_20200301_20_54_58_Pro.jpg,1280,720,f,192,209,425,543
WIN_20200301_20_55_14_Pro.jpg,1280,720,g,180,332,455,523
WIN_20200301_20_55_18_Pro.jpg,1280,720,h,144,358,510,529
WIN_20200301_20_55_22_Pro.jpg,1280,720,i,218,282,434,560
WIN_20200301_20_55_27_Pro.jpg,1280,720,k,193,257,439,553
WIN_20200301_20_55_31_Pro.jpg,1280,720,l,165,265,471,579
WIN_20200301_20_55_36_Pro.jpg,1280,720,m,179,373,391,575
WIN_20200301_20_56_20_Pro.jpg,1280,720,g,161,316,444,532
WIN_20200301_20_56_23_Pro.jpg,1280,720,h,171,335,484,536
WIN_20200301_20_57_14_Pro.jpg,1280,720,g,202,299,447,506
WIN_20200301_20_57_16_Pro.jpg,1280,720,h,189,332,495,516
WIN_20200301_20_58_38_Pro.jpg,1280,720,g,177,277,441,473
WIN_20200301_20_58_41_Pro.jpg,1280,720,h,169,294,554,485
WIN_20200301_21_00_09_Pro.jpg,1280,720,g,277,135,493,304
WIN_20200301_21_00_13_Pro.jpg,1280,720,h,267,164,517,308
WIN_20200301_21_01_57_Pro.jpg,1280,720,g,434,360,599,495
WIN_20200301_21_02_00_Pro.jpg,1280,720,h,422,373,633,518
WIN_20200301_21_02_13_Pro.jpg,1280,720,g,323,275,564,485
WIN_20200301_21_02_17_Pro.jpg,1280,720,h,312,320,610,502
WIN_20200301_21_02_36_Pro.jpg,1280,720,g,1,286,424,586
WIN_20200301_21_02_46_Pro.jpg,1280,720,g,154,330,517,566
WIN_20200301_21_02_57_Pro.jpg,1280,720,g,72,329,458,565
WIN_20200301_21_38_26_Pro.jpg,1280,720,g,212,156,596,415
WIN_20200301_21_38_34_Pro.jpg,1280,720,g,257,152,617,419
WIN_20200301_21_38_52_Pro.jpg,1280,720,g,136,237,505,532
WIN_20200301_21_39_10_Pro.jpg,1280,720,g,241,304,647,590
WIN_20200301_21_40_33_Pro.jpg,1280,720,g,122,227,825,669
WIN_20200301_21_42_22_Pro.jpg,1280,720,g,355,23,874,287
WIN_20200301_21_46_37_Pro.jpg,1280,720,h,177,74,640,305
WIN_20200301_21_46_45_Pro.jpg,1280,720,h,216,59,665,366
WIN_20200301_21_47_11_Pro.jpg,1280,720,h,73,110,500,397
WIN_20200301_21_47_16_Pro.jpg,1280,720,h,48,113,496,369
WIN_20200301_21_47_39_Pro.jpg,1280,720,h,12,106,495,418
WIN_20200301_21_49_43_Pro.jpg,1280,720,h,52,78,620,368
WIN_20200301_21_49_52_Pro.jpg,1280,720,h,415,49,1004,326
WIN_20200301_21_50_05_Pro.jpg,1280,720,h,271,135,753,444
